id,학생_id,강의_id,중간성적,기말성적,학점결과
1,84,16,21.5,25.4,A
2,231,191,33.5,36.1,F
3,286,66,34.4,41.2,C
4,445,174,96.3,19.9,F
5,90,200,28.5,32.5,F
6,250,199,73.7,89.0,D+
7,315,74,46.4,95.7,B+
8,328,87,42.2,61.2,D+
9,435,19,7.9,34.4,C
10,163,168,29.1,26.7,D+
11,139,114,78.1,93.9,F
12,495,116,41.4,18.4,A+
13,65,187,23.5,25.2,A
14,108,43,39.7,9.6,D
15,281,14,2.6,39.7,A
16,54,68,61.8,8.4,D+
17,159,59,24.7,28.4,B+
18,68,135,83.9,2.9,C
19,441,84,86.4,46.7,F
20,479,70,54.9,13.5,F
21,91,152,59.8,63.1,D+
22,269,164,64.0,31.0,C
23,247,139,22.7,9.0,C+
24,188,106,26.0,30.4,A+
25,268,195,84.8,34.4,D
26,274,3,68.8,49.2,D
27,154,3,76.6,79.8,B
28,408,2,54.8,18.9,F
29,224,102,25.0,71.5,D+
30,425,97,22.1,7.9,B
31,265,196,80.0,61.3,C+
32,146,167,74.3,80.9,D+
33,97,18,18.2,29.0,D
34,317,116,27.2,62.3,B
35,165,5,15.2,97.0,A+
36,96,27,28.2,12.5,D
37,373,3,23.3,15.1,D
38,112,88,42.0,78.6,D
39,191,119,69.7,3.2,A
40,432,193,95.2,5.6,D+
41,37,140,47.0,19.2,C+
42,419,98,82.8,12.2,B
43,198,198,97.5,24.7,A+
44,102,118,73.5,9.4,B
45,243,100,68.1,31.2,C
46,82,162,72.8,74.5,F
47,267,32,25.3,63.9,B
48,185,14,86.4,21.8,A
49,121,163,43.4,1.5,C+
50,300,31,39.6,24.3,A+
51,298,177,47.5,59.6,C
52,395,23,24.9,50.0,C
53,477,195,62.5,6.0,B+
54,360,138,79.1,12.6,B
55,163,143,78.9,75.7,D
56,376,50,2.1,37.8,B+
57,129,11,48.5,43.8,C+
58,278,179,49.0,56.7,F
59,179,83,73.2,27.5,F
60,83,18,53.1,44.9,C+
61,278,94,45.4,77.6,F
62,195,188,18.6,1.9,C
63,398,159,23.9,72.1,F
64,420,100,19.0,68.3,F
65,79,157,28.3,41.0,C
66,57,25,52.3,6.7,B+
67,92,9,20.2,48.5,A
68,17,147,64.2,38.9,D
69,270,160,70.1,25.6,C
70,114,156,71.8,1.3,B
71,336,126,92.8,83.2,D
72,411,164,6.1,55.8,D+
73,421,95,79.4,5.8,C+
74,271,11,73.4,83.4,A
75,484,56,96.1,9.7,B
76,273,99,18.9,52.6,B
77,292,161,94.8,55.8,F
78,213,192,10.6,63.9,C
79,346,118,70.3,42.7,A
80,86,47,55.0,50.5,B+
81,274,154,44.3,35.2,C
82,282,84,84.5,41.2,D+
83,423,186,32.3,24.1,F
84,110,97,76.6,92.6,C+
85,185,116,44.7,39.7,A+
86,146,153,1.6,13.5,C+
87,4,77,98.4,21.5,C
88,12,198,82.2,69.0,C+
89,471,142,51.1,57.1,B+
90,49,10,46.0,15.6,C+
91,188,150,25.0,25.6,C+
92,48,147,40.0,91.8,A
93,371,84,79.3,17.3,A
94,305,165,30.0,73.1,D+
95,41,200,5.6,77.1,C
96,451,112,41.7,86.8,B
97,383,168,84.9,92.9,D+
98,28,79,52.4,31.9,B+
99,168,129,69.8,15.3,D+
100,498,115,75.3,57.5,A
101,114,111,29.0,39.4,B+
102,173,22,47.6,74.5,F
103,205,68,8.5,50.2,B+
104,391,35,48.1,19.8,D+
105,334,147,19.6,61.6,F
106,127,63,7.2,77.7,C
107,351,148,9.0,67.2,D+
108,188,90,19.0,34.5,A+
109,395,79,16.9,35.0,D
110,320,38,44.0,92.4,B
111,103,176,37.4,75.8,A
112,58,190,5.5,94.9,B+
113,445,74,1.4,69.4,A
114,157,116,47.1,33.2,F
115,109,53,54.6,75.0,F
116,248,160,73.0,14.1,A+
117,193,150,90.6,52.7,C+
118,88,16,28.4,78.9,C+
119,28,120,65.5,0.8,D+
120,339,70,66.3,91.3,C
121,443,28,1.9,86.7,D+
122,119,98,50.9,71.0,C
123,249,153,53.2,18.6,F
124,495,118,56.1,71.2,A+
125,127,136,30.5,49.0,B+
126,10,89,68.4,35.5,C+
127,121,129,27.6,6.2,C+
128,450,100,89.0,81.5,A+
129,484,143,94.9,22.6,C
130,460,101,65.7,8.8,D+
131,267,174,61.2,62.6,B
132,214,62,57.3,42.6,C+
133,466,155,32.9,54.2,B
134,335,36,58.1,68.4,B
135,442,36,30.9,70.5,F
136,466,35,43.0,90.9,B+
137,336,145,91.7,31.7,F
138,273,185,11.8,31.8,B+
139,373,8,76.5,88.0,D+
140,493,106,30.3,74.6,C+
141,78,200,18.8,13.2,A+
142,391,157,61.7,60.6,B
143,306,60,23.1,2.6,A
144,353,200,47.7,50.2,D
145,365,167,37.4,85.2,D
146,243,36,16.4,22.6,D+
147,392,4,92.5,95.0,B
148,381,172,98.8,75.8,A
149,91,113,86.7,49.0,C
150,444,118,88.8,42.8,A+
151,312,189,82.4,72.0,D+
152,314,191,57.2,53.6,A+
153,267,28,45.2,82.7,A+
154,450,63,51.9,39.6,A+
155,286,100,51.6,63.1,A+
156,98,75,44.0,88.4,C+
157,237,43,42.2,61.3,A+
158,354,133,90.4,46.4,D
159,47,185,50.1,18.0,F
160,70,101,41.4,45.1,B+
161,233,152,89.7,89.6,D
162,47,65,32.4,64.9,B+
163,368,188,12.4,11.4,D
164,325,93,8.5,70.7,F
165,314,41,37.9,38.1,B+
166,468,86,56.5,66.0,B+
167,84,38,17.9,71.2,D+
168,158,80,73.0,96.1,C+
169,321,47,11.8,13.2,B
170,2,160,76.5,1.2,D
171,438,128,54.4,0.6,D
172,122,56,58.9,47.6,D+
173,227,21,60.1,0.7,F
174,143,159,62.9,82.0,B
175,26,48,14.8,65.3,A+
176,75,9,66.7,83.8,C+
177,170,23,4.9,41.7,B+
178,83,173,28.4,66.1,F
179,91,117,74.9,36.0,A+
180,48,197,29.9,36.9,D+
181,420,18,75.8,84.3,A
182,150,121,13.5,69.5,C+
183,169,135,41.4,21.0,B
184,314,15,10.9,73.0,F
185,45,124,72.4,60.5,C+
186,219,156,84.8,26.0,C
187,475,34,61.4,49.6,D
188,253,47,88.4,23.3,C+
189,100,1,11.8,46.5,A
190,378,54,80.0,99.9,D+
191,24,86,35.0,80.6,B
192,6,164,20.1,28.2,A
193,158,77,50.7,32.4,A+
194,59,176,33.3,39.6,A+
195,427,45,19.4,83.4,D
196,470,122,79.7,64.6,D
197,80,161,46.1,86.5,C
198,237,106,92.8,5.6,F
199,154,145,72.5,31.6,F
200,10,54,57.7,33.2,C
201,34,39,28.0,3.1,D+
202,321,137,84.2,57.1,D+
203,96,153,11.7,78.2,C+
204,362,81,71.0,27.1,A
205,255,61,37.2,82.9,C+
206,111,135,30.2,11.2,A+
207,399,52,91.3,44.4,A+
208,410,124,90.5,15.4,C
209,473,124,73.2,52.4,C
210,74,197,87.2,82.2,F
211,347,34,20.5,3.7,D+
212,366,134,11.6,31.1,A+
213,352,153,87.2,33.3,A+
214,53,134,76.6,74.6,A+
215,296,195,31.2,89.2,C
216,103,50,28.7,53.2,D
217,344,31,27.3,15.7,A
218,8,160,56.0,10.2,F
219,180,141,31.8,14.2,C+
220,294,63,17.1,31.1,C
221,277,114,5.1,2.9,A+
222,55,99,5.4,42.6,B+
223,361,153,89.1,62.9,D
224,316,92,31.2,81.7,F
225,41,194,76.4,56.8,A
226,417,179,46.8,45.6,D
227,241,60,94.7,14.4,C+
228,468,94,39.2,70.0,C
229,404,84,45.3,3.0,D
230,58,90,47.9,84.6,C+
231,394,90,60.4,12.7,A
232,208,183,79.7,32.6,A
233,406,78,53.3,40.1,D+
234,123,159,24.4,15.9,D
235,197,17,34.1,81.4,D+
236,402,112,56.7,34.2,B
237,89,170,67.0,73.9,D
238,59,152,59.6,32.5,A
239,421,114,17.6,95.6,A
240,307,28,68.6,59.6,D+
241,168,127,64.5,6.1,B
242,419,36,88.7,90.3,A+
243,388,38,66.1,45.3,C+
244,200,158,57.8,19.6,C
245,154,146,79.4,68.0,D+
246,368,89,99.0,58.3,F
247,207,33,85.3,6.2,F
248,496,14,0.1,56.0,C
249,57,73,86.6,23.5,D+
250,321,82,71.2,40.6,D+
251,280,55,66.2,47.5,B
252,285,99,84.3,36.0,D+
253,79,74,99.7,67.0,B+
254,6,19,64.8,14.4,D
255,337,112,97.5,13.6,B+
256,329,107,86.0,89.4,D+
257,320,47,45.4,42.4,D
258,197,91,22.6,42.5,A+
259,296,128,84.7,23.7,F
260,138,106,92.7,57.6,A+
261,20,146,48.3,36.9,D
262,493,177,8.0,73.0,F
263,440,193,77.9,46.5,A
264,268,157,8.8,47.2,A
265,351,163,53.9,58.0,A+
266,463,88,53.5,1.1,D
267,263,121,57.4,33.2,C
268,492,76,28.9,3.5,C+
269,373,145,26.0,62.9,B+
270,294,14,65.6,29.2,A+
271,147,125,8.3,50.6,C+
272,130,34,61.6,27.5,C+
273,8,190,11.2,17.5,B+
274,338,115,37.0,17.5,B
275,249,47,79.9,86.2,C
276,44,38,59.6,82.2,D
277,386,106,77.0,23.8,D
278,372,164,16.7,57.8,C
279,28,165,26.4,82.0,A+
280,86,119,39.9,30.1,F
281,120,98,68.4,39.0,C+
282,75,136,87.0,1.2,D
283,196,174,31.6,53.0,A+
284,50,137,63.7,95.6,D+
285,313,167,85.8,33.5,C+
286,411,26,25.5,58.4,D
287,396,173,74.9,73.4,B
288,267,87,67.8,99.3,C
289,281,3,67.3,83.2,A+
290,211,26,52.5,68.5,C
291,113,186,28.3,19.3,A+
292,318,24,5.7,59.4,B
293,487,154,63.8,70.8,A
294,45,155,13.0,65.6,B+
295,459,29,69.6,25.3,D
296,339,20,63.9,92.3,C+
297,394,110,69.2,66.8,C
298,132,42,78.1,27.7,A+
299,196,100,33.3,6.0,C+
300,92,113,6.9,97.9,B
301,313,101,17.8,49.2,B+
302,277,197,43.1,61.4,A
303,468,114,71.5,10.3,A
304,37,147,72.8,77.7,A+
305,460,128,14.9,64.0,A+
306,341,100,26.6,70.0,D+
307,295,1,51.5,94.0,D
308,245,112,40.4,72.8,A
309,277,58,0.3,95.4,D
310,63,146,53.5,99.2,C
311,350,78,40.1,63.2,A
312,188,137,85.3,34.0,D
313,390,197,29.0,20.3,F
314,21,99,66.1,29.9,D+
315,459,28,63.1,35.9,A
316,454,162,43.8,18.9,A+
317,99,7,72.0,59.3,D
318,200,17,79.3,64.3,D
319,274,116,96.7,1.6,C
320,29,87,78.8,4.3,A
321,109,168,66.7,45.8,F
322,77,190,57.9,92.5,A+
323,377,37,48.9,1.9,A+
324,125,180,64.9,1.4,A+
325,464,79,82.1,9.7,B+
326,428,152,6.4,81.7,A
327,255,153,79.9,22.1,B
328,219,87,81.2,98.2,D+
329,167,31,97.6,57.6,B+
330,165,55,76.4,59.3,C
331,33,31,27.4,75.8,B+
332,357,95,55.3,43.9,A+
333,69,26,79.1,63.2,D+
334,399,41,1.6,48.7,A+
335,4,46,92.6,70.7,C+
336,214,178,80.7,77.3,B+
337,106,37,64.0,52.3,D+
338,123,45,61.1,3.8,B+
339,368,128,61.2,8.8,C+
340,179,108,0.5,23.6,A
341,272,25,61.9,86.3,F
342,260,57,46.4,62.6,B
343,142,14,19.4,79.7,D
344,255,46,16.0,92.3,A+
345,331,94,28.5,43.5,C
346,316,195,45.3,10.4,A+
347,474,138,17.6,78.5,D
348,264,30,7.1,23.5,D
349,304,149,32.6,19.9,C
350,118,200,11.0,22.8,B
351,378,106,87.0,37.6,B
352,38,121,58.5,5.4,D+
353,75,56,92.8,45.5,D+
354,192,35,45.8,19.4,C
355,500,70,20.2,12.7,A+
356,144,35,11.1,46.6,D+
357,88,195,34.4,88.6,B+
358,405,164,95.3,90.6,F
359,438,59,8.6,85.7,D
360,442,56,59.2,83.7,C+
361,8,187,42.8,87.3,B
362,168,112,57.9,89.2,B+
363,468,147,89.8,41.8,A+
364,21,121,73.3,50.4,D+
365,272,101,47.9,79.8,A
366,232,127,24.1,55.8,A+
367,355,188,40.7,21.8,C
368,152,62,64.8,9.1,D
369,343,79,16.2,45.9,A+
370,500,117,46.4,13.9,D+
371,95,95,62.7,70.4,A+
372,441,161,7.1,89.3,C
373,272,9,29.7,75.3,F
374,295,54,78.8,8.1,C
375,377,15,51.5,91.0,C
376,455,14,11.1,36.6,A+
377,188,94,17.5,55.9,A
378,288,182,77.4,13.8,C
379,123,139,11.4,47.8,B
380,386,191,76.1,32.0,C+
381,258,175,42.3,5.4,C
382,177,116,48.6,52.7,A
383,241,182,53.2,82.5,C+
384,232,159,36.8,67.3,A
385,97,118,8.7,39.1,B+
386,148,20,10.9,27.6,B+
387,255,39,87.5,52.1,A+
388,151,107,97.0,54.1,B+
389,243,89,42.0,73.8,A+
390,150,49,6.3,87.2,B
391,428,134,64.5,41.2,C
392,336,166,78.7,48.6,F
393,432,141,44.5,30.4,B+
394,460,79,17.2,26.0,D
395,191,74,77.0,4.7,C
396,146,117,95.6,61.9,B+
397,365,138,28.5,97.3,B+
398,83,61,11.7,99.4,B+
399,226,67,37.0,20.5,A+
400,341,82,97.8,14.8,D
401,277,42,53.4,12.1,A+
402,208,128,76.9,94.8,C
403,80,2,97.0,54.6,F
404,170,166,70.5,47.4,C+
405,497,194,98.1,57.4,B+
406,410,145,72.9,92.2,C
407,353,29,73.2,90.0,B+
408,348,142,11.7,2.5,B
409,229,92,9.2,5.5,B
410,299,135,22.2,93.6,C+
411,101,6,8.4,84.9,A
412,500,132,39.4,49.0,F
413,484,15,90.8,36.1,B+
414,367,110,37.0,37.3,C+
415,177,90,30.8,44.6,F
416,45,56,72.8,44.4,D+
417,412,114,28.9,80.6,D+
418,374,107,14.0,58.7,A
419,74,54,30.3,98.8,F
420,172,17,93.3,59.1,D+
421,46,2,40.9,91.4,D+
422,90,143,46.2,56.8,B+
423,103,48,83.2,28.9,D
424,22,78,83.5,30.4,F
425,379,119,22.5,79.1,B+
426,135,77,95.6,83.4,D
427,64,168,66.6,28.8,B+
428,252,177,64.5,2.8,C+
429,253,18,59.9,36.2,D
430,290,112,86.8,62.8,D
431,499,178,81.8,37.3,A+
432,433,67,16.3,5.9,C
433,237,178,13.5,16.3,C+
434,185,108,63.6,95.5,A+
435,149,75,53.0,93.6,F
436,100,197,62.8,76.5,B+
437,279,83,87.2,82.7,C+
438,139,176,69.8,36.3,F
439,297,91,82.3,1.3,F
440,145,96,77.9,41.2,B+
441,53,56,15.5,22.1,B
442,408,144,61.3,83.1,F
443,434,137,71.3,70.2,A
444,214,118,91.6,11.7,B+
445,473,5,48.0,31.2,C
446,72,114,89.0,59.8,C
447,89,182,30.5,74.4,A
448,114,33,85.7,14.2,B
449,158,33,21.0,98.1,D+
450,354,196,78.4,7.8,D
451,388,111,4.3,10.8,F
452,304,16,46.9,90.9,A+
453,34,78,66.8,75.5,A
454,472,155,20.5,90.1,B+
455,344,90,2.9,14.6,C+
456,486,149,34.8,16.1,F
457,400,187,61.3,50.5,A
458,51,149,76.3,52.9,B
459,494,73,17.2,75.4,A+
460,499,186,9.9,21.4,F
461,436,182,47.5,69.8,B+
462,226,173,95.8,18.1,C
463,195,109,21.4,22.8,A
464,390,81,12.4,11.0,B+
465,254,196,36.1,28.8,A+
466,43,84,49.4,38.5,D
467,308,189,31.2,97.6,D
468,116,142,40.7,98.5,D+
469,459,122,93.9,36.7,A+
470,346,126,67.2,39.6,F
471,338,174,8.5,14.3,D+
472,356,152,97.8,74.1,B+
473,34,94,97.5,33.9,D+
474,63,60,83.8,72.5,C+
475,392,183,76.6,59.4,D+
476,183,122,66.7,95.0,D
477,262,72,14.7,45.5,A
478,129,126,49.7,62.8,B+
479,16,26,73.8,83.0,D
480,348,7,97.2,38.3,C
481,79,78,62.2,9.6,A
482,339,193,52.0,49.2,D
483,104,76,66.2,49.0,C+
484,278,88,80.9,54.1,A+
485,488,196,3.2,43.0,A
486,197,116,31.5,37.6,D
487,19,9,17.7,65.9,C+
488,453,181,16.4,43.1,C+
489,367,100,48.7,10.9,D
490,338,142,68.5,57.2,D
491,288,41,50.7,39.1,D
492,303,97,61.7,35.3,C+
493,165,16,2.8,4.5,C
494,179,190,58.4,76.5,C
495,195,25,42.8,99.2,D+
496,180,15,66.1,24.8,C+
497,304,22,91.0,6.6,C+
498,59,87,17.0,53.8,A+
499,236,169,86.3,56.8,D+
500,137,6,69.6,58.8,C
501,194,147,39.0,57.3,D
502,52,177,67.5,33.6,F
503,416,196,66.7,16.7,C+
504,187,112,20.2,63.5,A
505,431,138,21.4,26.5,C+
506,294,103,80.5,62.5,A
507,368,149,9.5,33.7,A
508,291,136,47.5,21.0,A
509,334,78,50.5,30.0,F
510,161,52,41.4,25.1,F
511,233,172,76.3,18.1,A+
512,322,181,51.6,18.7,D
513,110,170,96.2,74.2,D
514,138,164,53.3,61.4,D+
515,479,145,72.7,6.0,B
516,187,119,14.8,15.0,C+
517,433,112,41.0,86.0,A
518,325,53,84.6,26.7,C+
519,331,42,25.6,60.1,D+
520,123,30,15.0,2.8,C+
521,238,125,56.0,43.6,A+
522,104,41,27.3,2.9,C+
523,338,141,17.6,85.3,D
524,401,6,5.5,89.7,C
525,309,77,86.7,90.1,D+
526,460,94,67.2,88.6,D+
527,483,186,84.3,23.6,F
528,478,31,52.2,82.9,F
529,129,128,88.5,23.8,A
530,396,81,32.9,58.4,D+
531,413,192,74.4,93.6,B
532,74,28,17.5,97.0,D
533,210,66,86.3,5.6,F
534,192,180,94.9,31.6,D+
535,244,175,24.6,27.8,B+
536,186,122,71.6,82.1,A+
537,331,156,3.5,73.9,A+
538,354,172,24.0,55.3,C+
539,328,180,36.3,81.2,A
540,274,61,85.8,38.8,D+
541,475,66,30.1,93.6,B
542,153,54,85.9,16.0,D
543,324,82,87.9,76.7,D+
544,405,9,27.4,8.0,D
545,242,189,41.3,84.1,D+
546,449,26,82.4,69.8,F
547,34,91,42.1,72.9,F
548,378,84,45.3,2.7,A+
549,329,165,18.4,44.3,B+
550,2,103,20.0,30.6,A
551,57,41,25.0,71.4,B+
552,434,153,68.6,79.3,C
553,232,123,87.4,13.4,B+
554,352,152,82.7,80.0,B
555,44,107,36.8,39.3,D+
556,484,147,22.4,94.8,F
557,332,157,62.7,90.7,D
558,102,68,70.1,16.9,D+
559,317,110,60.0,14.9,C
560,88,146,11.7,71.9,D+
561,396,117,82.7,49.4,B
562,366,53,19.1,86.2,C+
563,148,192,49.4,13.0,B
564,308,56,99.5,28.3,B
565,215,47,40.9,14.6,C+
566,500,68,23.5,45.1,B
567,190,150,68.4,45.8,A+
568,241,35,87.1,97.4,D+
569,352,55,71.3,70.8,C+
570,38,25,55.7,5.2,B
571,242,91,99.7,93.9,A+
572,3,65,50.5,38.1,D+
573,344,95,13.2,89.2,A+
574,298,46,26.0,50.4,C
575,450,120,13.2,31.7,F
576,222,37,26.0,31.3,B+
577,256,72,74.8,92.6,C+
578,463,68,61.3,76.2,C+
579,265,81,43.6,16.5,D
580,392,39,55.6,92.3,D
581,28,49,14.9,23.0,A+
582,241,67,16.4,46.7,A
583,459,127,4.1,35.7,F
584,249,118,49.3,84.6,B+
585,64,90,9.4,86.8,B+
586,428,44,75.0,82.3,B
587,299,2,52.6,57.1,D+
588,472,20,24.6,49.8,A
589,455,85,2.6,68.1,A
590,202,96,59.0,95.1,C
591,79,8,8.1,83.1,D
592,233,161,95.5,59.4,A+
593,169,12,65.6,95.1,C
594,486,188,100.0,90.7,B+
595,109,13,80.2,28.3,A+
596,381,19,54.7,60.2,A
597,205,66,17.8,96.5,D+
598,46,6,85.2,16.3,D+
599,146,166,75.3,65.4,A
600,153,126,80.1,73.6,C+
601,463,176,60.4,35.9,A
602,427,95,51.3,49.0,D+
603,244,69,56.3,42.3,D+
604,416,95,61.4,43.4,D+
605,48,11,51.3,97.3,B
606,332,176,71.4,93.1,F
607,323,166,52.5,29.1,D+
608,41,123,30.0,98.4,C+
609,431,64,52.3,29.5,A+
610,283,20,91.7,51.3,F
611,218,106,9.4,66.1,C+
612,182,66,58.6,76.9,A+
613,59,190,66.2,18.0,B+
614,432,101,4.5,41.6,C+
615,161,151,72.4,75.7,D
616,320,68,34.1,91.8,B+
617,109,48,7.8,98.2,C+
618,447,173,10.6,53.4,A+
619,203,30,1.3,65.6,D
620,355,104,86.9,96.6,D
621,156,159,81.3,61.7,D+
622,412,78,8.8,13.5,B
623,58,5,69.6,18.8,A+
624,108,124,64.9,65.0,D+
625,432,161,85.8,53.9,A
626,155,198,46.3,47.4,A+
627,60,43,90.2,73.9,D
628,494,125,47.1,86.0,B
629,292,101,5.1,0.8,D+
630,213,127,73.7,59.6,F
631,149,10,48.7,48.6,D
632,119,183,6.1,1.9,C
633,284,17,26.8,64.8,D
634,60,127,62.3,64.6,D
635,358,112,2.1,28.8,B
636,241,89,43.8,50.8,C
637,437,184,65.7,13.1,C+
638,371,183,39.0,41.7,C
639,408,121,80.0,84.5,B
640,145,177,74.9,66.7,B+
641,89,52,15.6,49.2,D+
642,483,127,30.4,20.9,A+
643,10,92,88.1,35.7,B+
644,90,129,3.2,6.4,D+
645,59,159,22.7,56.2,D
646,133,88,78.5,76.9,F
647,137,39,85.3,87.4,A
648,362,13,92.7,43.8,D
649,493,194,11.1,10.6,A
650,422,144,4.2,10.5,A
651,446,53,91.1,15.7,C+
652,363,114,76.2,49.8,A
653,79,166,36.4,81.9,A
654,435,52,43.9,41.6,A+
655,126,122,34.1,50.5,A
656,137,96,71.5,41.5,B
657,78,193,75.4,42.2,B
658,71,110,41.3,40.9,D
659,488,133,79.5,36.2,A+
660,227,38,77.0,71.8,F
661,484,18,8.5,31.5,B+
662,223,16,39.3,3.7,B+
663,463,148,5.8,63.2,F
664,499,76,41.9,88.6,F
665,448,78,72.2,31.4,C
666,5,72,90.0,61.0,B+
667,359,104,44.6,20.5,F
668,320,159,65.2,69.7,D+
669,398,51,88.1,8.4,F
670,172,100,72.5,74.0,B+
671,267,139,28.4,9.3,F
672,160,134,34.1,63.6,A+
673,15,139,59.3,24.1,C+
674,372,109,98.7,11.0,A+
675,431,96,26.0,50.7,A
676,25,194,65.1,12.5,C+
677,294,189,0.5,33.9,B
678,413,191,98.9,56.6,F
679,433,153,23.4,29.9,B+
680,366,97,52.0,24.8,C
681,265,150,19.3,77.9,D
682,51,38,71.2,82.8,A
683,48,16,42.5,13.0,B
684,229,20,36.9,52.6,F
685,266,200,39.5,26.4,D
686,326,109,99.7,68.9,D
687,375,107,82.4,14.4,B+
688,249,183,45.8,96.8,F
689,442,136,11.8,21.3,D
690,17,192,15.7,55.9,A
691,309,105,11.0,37.0,C+
692,21,134,15.3,37.1,C
693,156,76,48.6,79.1,B+
694,402,151,42.2,93.7,C+
695,456,73,21.6,81.9,D
696,2,32,54.8,6.8,A+
697,214,124,57.3,56.6,C
698,401,97,47.5,72.0,B+
699,391,36,50.5,46.1,D
700,342,115,14.9,72.8,A
701,410,160,66.5,41.0,B
702,461,102,33.9,4.6,D
703,377,72,64.6,86.6,A+
704,293,162,79.6,70.7,F
705,331,32,64.4,8.5,F
706,296,194,5.3,57.0,B
707,385,122,50.3,1.9,F
708,93,5,27.5,20.6,D
709,44,137,60.7,40.2,A+
710,252,6,34.0,18.1,A+
711,441,136,31.7,25.7,A
712,51,139,16.8,14.4,C+
713,394,23,15.4,95.2,B+
714,31,158,96.1,18.1,A+
715,153,100,9.9,14.2,C
716,133,97,94.2,90.0,A+
717,104,62,75.2,58.6,D
718,261,193,50.4,94.9,C+
719,32,82,46.5,40.7,D
720,15,105,63.4,91.4,A+
721,138,142,96.3,67.5,B
722,391,143,65.2,12.6,D+
723,229,22,84.6,50.0,B+
724,192,139,98.5,78.2,F
725,488,109,96.1,55.5,A+
726,1,119,96.1,62.1,B+
727,1,16,93.4,48.2,C+
728,430,175,38.0,35.1,B
729,300,131,28.1,16.1,F
730,289,18,30.1,39.5,A
731,426,36,72.5,99.9,D+
732,108,157,50.5,80.2,C
733,326,67,98.0,70.8,C+
734,126,170,98.3,34.2,D
735,492,154,32.8,91.4,B+
736,331,1,60.9,0.4,A+
737,345,45,41.3,89.5,D
738,391,101,53.8,78.7,A
739,276,8,89.3,81.6,D
740,345,32,35.3,81.3,C
741,199,46,83.9,81.2,A+
742,64,119,37.0,19.3,A+
743,114,191,2.0,28.1,C
744,99,24,81.6,62.5,B
745,120,127,96.7,3.7,D
746,464,181,70.7,20.9,B
747,421,164,39.6,87.0,F
748,253,44,55.2,66.0,B+
749,34,151,12.8,6.5,C+
750,478,146,85.5,88.1,C+
751,99,174,2.3,97.0,F
752,315,65,68.1,88.3,A+
753,481,110,64.1,94.3,A+
754,438,83,43.3,99.5,C+
755,63,175,51.8,49.6,F
756,389,12,88.4,22.5,C+
757,471,108,53.2,31.6,D+
758,100,86,8.2,57.2,A+
759,378,58,97.8,42.4,A
760,470,64,19.7,32.9,A
761,321,161,9.7,48.0,A+
762,304,161,93.5,84.1,B
763,56,122,23.8,34.1,A+
764,421,86,52.0,23.7,A
765,398,154,62.0,76.4,D
766,297,32,8.6,6.1,A+
767,194,81,89.0,69.3,B+
768,32,114,5.5,61.1,D+
769,34,27,67.8,55.9,C+
770,436,98,40.2,61.7,D+
771,120,154,78.7,62.4,D
772,197,119,79.5,88.0,A
773,174,167,93.8,78.3,D
774,265,85,58.8,10.8,A+
775,305,183,6.8,78.9,B
776,464,147,12.6,50.9,C
777,216,124,72.5,44.5,B
778,71,12,6.0,31.2,D+
779,263,167,75.4,31.1,F
780,398,38,14.7,30.9,C
781,150,95,97.0,51.8,B+
782,30,61,50.7,83.5,A+
783,217,89,19.5,20.0,B
784,403,18,34.2,66.8,D
785,308,178,33.1,57.8,C
786,316,77,41.9,16.2,D
787,449,11,49.6,92.0,B
788,355,59,46.7,21.3,D
789,377,197,95.3,33.2,D+
790,106,103,18.4,99.0,C
791,184,8,55.5,14.2,D
792,100,162,58.6,76.6,A+
793,500,8,19.9,28.4,B
794,454,68,71.9,34.0,F
795,126,46,19.6,17.6,C+
796,467,26,2.1,67.7,D+
797,336,29,33.8,21.0,D
798,123,95,80.9,66.1,F
799,452,112,87.8,6.5,B+
800,452,34,79.5,19.2,D+
801,356,96,31.8,43.0,B
802,472,12,76.3,58.7,F
803,151,39,32.8,5.3,C+
804,447,33,85.2,96.8,D
805,108,187,8.1,47.1,A
806,86,131,38.8,88.2,F
807,192,128,51.9,17.9,C
808,270,178,48.3,95.6,D
809,138,149,40.1,92.1,A+
810,107,57,89.5,45.2,B
811,203,56,30.6,88.9,B+
812,479,96,25.5,8.5,A
813,152,114,51.9,23.0,A+
814,239,132,62.1,42.6,D
815,222,105,36.8,49.8,C+
816,196,7,18.0,23.4,A
817,184,22,29.5,50.2,F
818,330,21,78.6,92.7,A
819,61,19,36.0,54.6,C
820,101,173,32.9,30.3,C+
821,98,181,60.4,13.8,F
822,468,67,0.9,29.9,C
823,401,104,94.6,82.2,A+
824,242,168,51.3,76.1,B+
825,444,102,22.8,72.3,B
826,243,60,51.6,78.6,D
827,370,119,34.1,8.6,B
828,220,198,94.2,41.8,D
829,231,143,3.0,13.9,B+
830,157,189,1.0,81.0,C
831,174,58,41.9,68.6,D+
832,391,200,69.1,30.0,A+
833,291,9,92.2,15.4,C
834,291,162,79.9,91.4,D+
835,196,53,94.9,6.4,D+
836,97,122,10.9,57.0,D
837,328,78,9.3,10.4,F
838,91,9,82.6,60.3,A+
839,96,51,6.9,96.3,C+
840,106,60,29.1,52.4,D
841,30,95,51.9,17.2,D+
842,201,41,99.0,12.9,D+
843,245,191,6.9,95.5,B
844,67,53,31.0,81.8,D
845,82,155,57.5,31.0,B
846,258,184,68.5,27.5,A+
847,74,115,6.4,39.9,B
848,270,85,91.0,87.9,D
849,237,148,3.9,9.1,D
850,178,180,84.3,79.2,D+
851,314,45,41.5,18.0,D+
852,235,99,91.1,18.3,A
853,202,179,94.6,24.0,B+
854,141,161,53.8,66.7,A
855,358,186,72.2,21.7,D
856,211,196,55.3,99.5,A
857,387,27,50.4,78.0,D+
858,231,43,25.3,50.6,D
859,14,19,63.9,67.6,D
860,196,88,74.6,85.6,D+
861,20,3,25.1,70.9,B+
862,168,172,74.9,48.5,A
863,43,141,65.7,71.4,D
864,72,121,82.0,84.2,B+
865,430,5,60.7,17.7,A
866,274,190,39.1,7.8,A+
867,347,70,15.3,35.8,B
868,366,9,89.3,53.2,D
869,357,13,83.7,81.2,A
870,200,177,30.8,5.2,A+
871,25,198,37.7,20.2,B
872,192,62,20.0,1.6,A+
873,8,87,82.1,68.0,A
874,113,25,79.7,83.0,B+
875,371,43,4.4,51.3,C
876,166,144,62.7,62.5,F
877,203,110,12.1,21.4,C
878,166,45,1.5,65.4,A+
879,200,55,45.9,6.6,C+
880,333,160,36.9,6.7,B
881,211,78,76.8,50.0,A
882,406,146,17.1,95.9,C
883,324,179,38.9,92.5,B+
884,171,45,63.5,88.4,C
885,436,171,48.2,33.5,D
886,196,131,64.1,23.2,A+
887,120,6,61.6,89.7,C+
888,122,189,42.8,24.4,A
889,31,36,37.5,29.7,B+
890,193,53,64.2,23.8,D
891,379,85,13.4,31.8,A+
892,267,107,64.8,28.8,A+
893,118,188,33.1,24.2,F
894,28,171,98.8,80.1,B
895,312,98,52.1,18.4,A+
896,34,126,7.0,19.2,B+
897,481,53,12.6,17.4,F
898,426,53,23.6,7.8,D
899,160,43,72.2,24.5,B+
900,311,64,30.3,57.6,B
901,140,124,8.0,97.3,D+
902,194,43,47.1,42.3,D+
903,390,40,82.0,79.4,A+
904,391,98,42.7,8.3,C+
905,305,138,15.3,72.7,C+
906,195,119,30.6,28.3,F
907,311,124,7.2,13.7,D
908,101,40,91.6,0.4,F
909,374,186,37.4,40.5,D+
910,482,102,97.0,37.3,D
911,158,165,98.8,7.1,A+
912,472,32,38.5,56.6,B
913,391,112,95.7,77.1,C
914,261,182,48.9,68.8,A+
915,334,99,92.7,73.6,B
916,245,9,92.1,36.1,A+
917,358,171,64.5,26.1,D
918,484,175,14.7,24.7,B+
919,7,30,77.1,64.4,D+
920,204,181,58.6,90.1,F
921,466,49,87.6,16.6,D+
922,130,178,30.2,96.8,D+
923,301,79,73.4,75.2,A
924,56,163,57.3,79.8,B+
925,138,192,21.0,74.8,C+
926,4,44,81.6,0.2,A
927,397,179,41.8,41.7,C+
928,376,111,17.1,37.5,B+
929,102,125,18.2,94.8,D
930,291,55,18.6,5.9,B+
931,415,195,19.2,98.3,D+
932,226,161,91.3,10.9,B+
933,41,76,8.6,12.5,A
934,176,8,58.6,47.8,A
935,5,16,26.6,95.5,A+
936,50,55,52.2,0.7,F
937,493,195,26.6,48.6,C
938,310,110,33.7,68.2,C
939,162,62,94.1,66.5,D+
940,313,15,97.5,87.3,A
941,2,117,87.1,40.2,B+
942,14,155,12.3,53.1,B
943,189,116,61.8,65.9,D
944,264,106,66.0,0.3,C
945,9,163,36.0,4.6,C
946,348,114,23.4,48.5,A
947,179,110,93.9,94.1,D
948,338,180,90.5,73.4,C+
949,311,50,71.2,87.0,F
950,17,33,49.8,8.7,F
951,448,120,16.8,44.6,A
952,247,170,54.1,24.3,B+
953,386,169,70.0,10.5,A+
954,83,84,90.3,76.6,B
955,369,66,66.6,95.2,A
956,341,35,92.3,63.4,D
957,47,178,33.3,22.4,A
958,330,88,37.7,71.7,D+
959,335,165,78.5,96.6,D+
960,414,60,22.4,11.6,A
961,58,23,34.0,59.2,B
962,382,30,57.3,12.7,C
963,489,98,57.7,0.2,A+
964,303,138,19.0,38.8,D+
965,164,198,36.5,67.9,B+
966,267,170,60.2,22.2,D+
967,5,138,85.2,31.6,C+
968,429,57,50.0,45.6,C+
969,75,192,66.5,80.1,A+
970,307,82,30.9,99.0,A
971,141,181,57.4,63.1,B
972,254,75,70.4,37.7,C
973,79,184,21.1,73.3,B
974,359,189,5.3,86.5,B+
975,439,125,72.7,29.9,B+
976,12,141,39.2,42.2,D
977,179,194,39.1,7.2,C+
978,145,179,92.3,70.1,F
979,202,25,13.1,75.2,A+
980,156,118,65.5,57.7,D
981,357,124,29.1,14.5,B
982,412,192,19.6,65.1,C
983,372,148,10.2,78.5,B+
984,193,110,67.9,16.8,A+
985,50,92,97.4,18.0,A+
986,61,132,65.0,59.3,B+
987,322,185,40.4,3.4,B
988,204,126,30.3,59.6,B+
989,335,191,37.5,69.2,A
990,399,119,86.5,65.0,C+
991,324,168,44.5,1.2,A
992,43,32,48.9,66.9,F
993,116,6,58.7,98.7,D
994,141,178,74.5,79.4,B+
995,197,124,100.0,70.3,C+
996,293,33,9.9,6.3,F
997,95,104,81.3,2.0,F
998,419,138,78.3,53.0,A
999,266,150,53.9,81.9,A
1000,386,193,20.7,65.9,A
1001,93,154,69.5,0.5,D
1002,410,81,12.3,12.9,B
1003,335,42,8.8,25.7,A+
1004,44,32,50.6,36.4,F
1005,88,109,97.7,65.8,B
1006,154,12,94.6,51.9,C+
1007,338,137,44.5,57.7,C
1008,268,91,60.6,51.1,A
1009,340,12,23.7,18.8,C+
1010,439,56,95.7,60.2,B
1011,303,92,27.7,72.9,D+
1012,39,141,25.5,38.2,B+
1013,205,117,8.3,25.4,D+
1014,482,178,14.3,20.4,C+
1015,325,179,64.6,71.4,F
1016,310,42,42.0,15.3,D+
1017,195,7,96.4,24.7,C+
1018,64,137,11.0,54.8,A
1019,169,164,8.9,90.9,C+
1020,75,58,27.4,9.8,B
1021,194,27,78.3,12.4,F
1022,373,79,58.9,80.7,A
1023,271,90,70.0,86.5,F
1024,139,156,9.9,4.8,C
1025,485,193,39.0,34.5,F
1026,283,153,88.2,40.3,B+
1027,133,3,68.7,71.3,B+
1028,74,97,56.8,26.7,C
1029,363,200,24.9,60.9,D
1030,94,113,98.6,79.8,F
1031,147,71,95.3,52.1,B
1032,157,163,85.8,94.7,D+
1033,395,81,84.5,63.5,A
1034,374,62,94.5,16.5,A+
1035,44,191,28.6,93.0,A+
1036,493,109,67.7,93.2,B+
1037,246,128,51.5,99.8,F
1038,358,32,40.5,61.6,A+
1039,366,109,70.3,75.0,B
1040,379,170,95.1,82.3,F
1041,351,156,4.2,44.9,B+
1042,346,196,52.4,22.5,A
1043,188,35,51.4,95.2,D+
1044,254,98,17.0,97.0,C
1045,468,174,25.0,53.9,A
1046,149,77,48.3,26.5,A+
1047,378,162,56.9,21.7,C+
1048,476,165,51.6,89.3,D
1049,457,159,84.8,5.7,A+
1050,316,118,32.9,35.4,A+
1051,180,185,18.6,35.5,A
1052,221,126,19.8,52.9,B+
1053,211,32,91.3,0.7,C+
1054,116,121,39.5,29.9,D+
1055,457,47,53.6,26.9,D
1056,337,113,16.2,35.4,D+
1057,3,92,88.4,70.9,A
1058,98,73,4.0,39.5,C
1059,462,9,16.0,19.9,D
1060,492,171,98.3,11.9,D
1061,282,127,80.0,71.4,C
1062,385,196,78.0,40.0,D+
1063,68,29,95.8,79.3,B+
1064,80,89,50.0,76.7,B
1065,27,174,83.0,43.0,A+
1066,223,123,28.9,48.6,D+
1067,127,159,15.2,51.1,B
1068,144,197,11.5,26.4,B
1069,342,110,19.8,70.6,A
1070,359,187,50.2,18.1,B+
1071,118,31,13.2,3.8,B
1072,476,38,42.6,61.6,A
1073,443,14,38.0,52.5,B
1074,114,87,42.6,6.1,D+
1075,330,14,30.4,26.9,C+
1076,483,90,71.2,24.7,A+
1077,94,11,0.1,66.0,C
1078,109,74,47.2,90.8,A
1079,221,48,25.2,49.1,C
1080,156,29,9.7,1.4,F
1081,395,34,33.1,74.1,C
1082,381,200,58.9,60.5,B
1083,333,71,21.0,38.4,A
1084,67,162,74.3,12.0,B
1085,99,181,44.6,9.9,F
1086,317,88,30.1,47.4,B
1087,274,185,15.4,12.8,D+
1088,282,183,25.3,87.7,F
1089,500,89,89.5,44.8,A
1090,467,112,6.8,41.9,F
1091,405,6,16.7,27.4,B+
1092,149,12,95.6,6.1,B
1093,380,102,49.5,53.2,F
1094,498,20,16.6,75.1,D+
1095,288,200,39.0,60.7,B
1096,95,1,16.0,21.8,A+
1097,451,132,45.5,70.8,F
1098,133,78,85.2,29.6,C+
1099,283,31,17.1,4.6,B
1100,150,11,64.0,94.2,C+
1101,475,35,27.0,79.1,B
1102,422,54,53.5,0.1,C
1103,324,155,97.2,32.5,F
1104,136,185,13.4,89.8,C+
1105,167,15,62.6,1.0,C
1106,113,188,96.5,17.7,A+
1107,276,169,97.9,77.8,A
1108,370,191,68.8,94.6,C+
1109,446,161,63.4,55.1,D
1110,113,84,26.9,58.2,D+
1111,80,115,23.2,72.6,C
1112,76,123,9.4,18.2,B+
1113,418,46,18.9,49.1,B+
1114,332,73,2.1,16.3,B+
1115,419,101,68.7,18.8,B+
1116,37,110,24.5,90.9,D+
1117,52,186,52.7,72.7,A+
1118,309,26,37.8,2.1,A+
1119,391,165,93.5,13.2,A
1120,138,37,93.9,60.0,A+
1121,491,28,54.2,81.8,A
1122,104,36,48.0,56.3,D
1123,418,42,30.7,47.9,B
1124,29,140,69.2,62.7,A
1125,11,12,10.3,29.7,F
1126,454,107,14.2,91.2,A+
1127,117,110,38.5,35.3,C+
1128,116,176,38.5,88.4,A
1129,252,44,99.1,22.5,C+
1130,183,20,61.6,11.8,A
1131,459,12,60.5,17.8,F
1132,172,154,18.1,42.5,C+
1133,320,74,34.8,10.4,D
1134,339,95,93.3,81.1,A
1135,404,1,86.2,97.8,B+
1136,164,38,39.1,72.1,D
1137,418,18,11.3,42.7,C+
1138,75,24,32.3,12.8,D+
1139,181,82,49.4,48.1,D+
1140,309,163,33.3,80.2,B
1141,197,108,54.9,53.9,D
1142,273,138,82.1,38.5,D+
1143,270,148,77.7,81.1,B
1144,360,23,23.5,0.3,A+
1145,186,143,47.4,13.4,A
1146,31,90,36.1,84.9,B+
1147,151,118,14.4,85.3,D+
1148,125,54,82.8,5.6,B+
1149,61,179,70.4,37.7,A+
1150,357,109,37.2,70.1,A
1151,245,153,87.0,3.0,C
1152,73,21,24.5,1.2,D+
1153,77,196,18.2,74.4,F
1154,358,77,47.0,72.3,D
1155,401,166,69.5,28.7,B+
1156,31,165,3.2,75.1,F
1157,83,3,39.6,42.4,D
1158,284,183,83.0,91.9,F
1159,157,182,22.7,93.1,C+
1160,499,24,52.2,97.8,B+
1161,381,55,40.0,5.6,D+
1162,95,191,97.6,60.5,A
1163,419,178,46.8,31.3,D+
1164,424,98,16.5,80.3,D+
1165,100,70,10.8,7.8,C
1166,15,62,28.2,54.2,A
1167,109,153,1.1,91.0,B
1168,283,52,63.8,3.2,C+
1169,44,146,56.5,56.4,D
1170,24,13,31.5,94.4,A+
1171,183,193,28.2,39.8,B
1172,162,193,39.1,35.6,B+
1173,360,173,9.7,40.7,F
1174,52,129,80.7,15.0,D+
1175,245,151,86.9,3.7,B+
1176,78,175,46.3,88.5,A
1177,488,184,23.2,21.6,B+
1178,394,184,16.1,96.4,F
1179,374,156,65.1,93.0,C
1180,230,34,33.9,36.0,D+
1181,21,183,77.4,38.8,B
1182,313,156,7.5,15.2,D
1183,50,4,14.3,87.0,F
1184,445,23,49.9,45.5,B+
1185,479,76,16.1,28.0,C
1186,181,23,7.1,71.1,D
1187,133,122,97.8,76.3,D
1188,333,36,94.0,97.2,D
1189,21,94,85.9,40.1,B+
1190,226,94,51.2,62.5,C
1191,192,22,68.2,50.6,C+
1192,450,175,4.3,97.7,A+
1193,380,63,70.0,56.1,B+
1194,437,27,29.1,15.8,D+
1195,438,19,22.3,87.4,A
1196,179,120,46.8,53.5,D
1197,56,22,18.0,10.8,D+
1198,394,111,19.9,32.9,C
1199,176,155,48.6,70.2,D
1200,59,72,45.5,54.5,D
1201,75,164,21.3,56.8,D+
1202,32,93,79.0,97.9,B
1203,28,55,86.8,95.3,D+
1204,139,65,63.6,8.4,A
1205,141,104,8.2,87.4,D
1206,447,108,52.5,67.0,C+
1207,95,14,9.2,90.2,C
1208,494,193,29.7,19.9,D+
1209,247,122,53.6,78.4,D+
1210,182,178,57.0,82.3,F
1211,401,153,19.9,72.3,B+
1212,166,171,98.6,93.9,C
1213,8,39,89.7,93.4,D
1214,443,82,11.4,97.0,D+
1215,135,134,72.2,98.8,B+
1216,325,116,63.9,57.8,A+
1217,112,191,97.9,42.0,F
1218,397,43,60.1,21.6,B
1219,488,49,97.2,57.7,A+
1220,190,94,1.6,89.7,F
1221,420,32,69.9,64.9,D
1222,212,106,35.2,82.8,D+
1223,268,196,33.6,92.6,D
1224,220,96,17.7,59.5,F
1225,224,98,28.5,66.0,D+
1226,325,73,70.2,93.8,A
1227,45,27,9.0,1.6,D+
1228,54,128,75.0,62.4,F
1229,52,163,44.4,58.1,A+
1230,342,75,85.2,21.2,D
1231,283,98,11.5,85.6,A
1232,180,119,41.3,82.0,D+
1233,4,96,78.2,50.8,C+
1234,451,169,26.4,83.8,D+
1235,345,62,0.4,90.9,A+
1236,8,7,15.3,37.4,F
1237,420,190,60.0,33.5,D+
1238,124,143,97.3,19.3,D+
1239,425,14,80.1,57.8,B+
1240,481,163,39.0,72.8,D+
1241,463,82,51.7,43.7,A
1242,364,33,50.4,63.1,D+
1243,432,196,62.7,26.0,F
1244,82,83,20.4,9.3,D+
1245,6,161,77.0,15.3,F
1246,472,21,57.2,2.5,B+
1247,233,163,63.2,35.8,B
1248,335,57,29.7,53.5,B
1249,372,200,80.7,37.8,C+
1250,338,14,27.5,93.5,A+
1251,327,149,86.7,11.1,A
1252,55,37,28.2,89.5,A
1253,40,127,84.5,91.3,B
1254,201,26,49.1,2.2,A
1255,250,161,7.6,68.7,D+
1256,456,81,63.4,45.1,B+
1257,93,77,1.0,17.9,A+
1258,61,88,99.4,48.4,F
1259,3,41,52.2,25.5,A
1260,99,156,3.0,2.3,F
1261,111,94,11.5,21.7,C
1262,71,57,8.3,69.2,B+
1263,138,71,48.2,95.3,C
1264,363,142,65.2,46.7,D
1265,224,132,94.6,92.2,C+
1266,89,51,68.7,88.7,C+
1267,493,101,10.3,79.3,C+
1268,85,53,95.4,48.8,D
1269,217,153,74.7,81.6,A
1270,311,99,42.9,56.7,C
1271,460,162,81.9,44.9,A+
1272,491,131,25.3,41.0,F
1273,181,102,3.0,18.0,C
1274,220,48,35.8,7.3,C
1275,191,38,78.0,12.2,C
1276,353,3,71.7,21.4,C
1277,461,60,56.2,38.6,B
1278,270,56,10.3,27.8,A
1279,294,166,42.2,75.6,C
1280,417,82,19.8,5.0,D
1281,256,12,99.0,42.1,A
1282,232,44,60.1,59.1,B
1283,296,6,28.5,64.4,A+
1284,467,119,28.4,84.2,D+
1285,19,137,91.8,3.9,A+
1286,36,121,9.5,80.3,C+
1287,141,82,75.4,40.0,F
1288,397,81,49.4,4.7,C+
1289,357,117,49.3,64.1,A
1290,432,96,93.8,10.3,B
1291,25,3,13.9,99.4,D+
1292,116,44,8.8,72.4,C
1293,418,138,99.0,93.4,A+
1294,133,12,11.1,94.7,A
1295,136,85,68.8,79.2,D+
1296,139,179,17.0,13.8,D
1297,62,33,31.9,14.8,D+
1298,327,115,66.8,52.2,B
1299,296,123,66.1,97.6,C
1300,396,188,48.3,9.2,C+
1301,365,22,35.3,83.6,B
1302,338,166,73.5,20.6,A
1303,39,127,6.0,1.3,B
1304,240,99,18.8,10.5,B
1305,417,152,76.2,51.4,C
1306,390,80,70.9,65.5,F
1307,55,34,21.9,36.4,D
1308,445,159,51.3,78.0,B
1309,36,72,42.3,68.6,A
1310,76,119,87.6,74.5,B
1311,9,118,18.7,2.9,F
1312,232,91,26.6,92.7,A
1313,182,111,21.2,39.7,D+
1314,261,86,5.3,27.3,A
1315,26,167,38.3,92.8,B
1316,151,49,40.3,59.4,F
1317,312,127,51.9,10.9,A+
1318,331,64,95.9,22.0,A+
1319,459,10,57.5,23.9,F
1320,52,71,22.6,62.0,D+
1321,201,101,10.1,73.4,C+
1322,254,53,17.1,20.4,C+
1323,362,153,28.8,0.3,B+
1324,258,180,62.2,73.9,B
1325,88,81,68.1,16.7,C
1326,461,117,14.2,1.3,D
1327,220,86,2.1,97.4,A
1328,88,174,76.0,1.0,C
1329,497,122,58.3,48.8,B
1330,242,29,4.5,1.7,C+
1331,428,59,52.5,16.7,B+
1332,397,25,10.0,80.4,C
1333,232,126,73.5,99.0,C+
1334,340,125,25.4,45.9,C
1335,155,182,33.4,51.8,D
1336,58,70,68.6,72.8,A+
1337,76,106,85.6,65.9,B+
1338,183,128,3.1,57.8,D+
1339,185,53,74.4,19.4,D+
1340,328,28,96.5,87.7,F
1341,461,116,98.7,87.6,B+
1342,136,174,34.9,33.1,D+
1343,484,71,30.9,4.1,F
1344,360,88,83.4,12.3,D
1345,291,89,28.8,96.9,D
1346,475,176,14.7,68.1,F
1347,495,75,62.4,66.4,C+
1348,250,74,6.5,29.5,D
1349,21,56,28.3,59.3,A+
1350,251,79,0.5,35.2,A+
1351,26,65,13.8,87.9,F
1352,341,197,56.1,95.4,C+
1353,74,188,19.7,58.5,A
1354,149,57,3.2,93.3,B
1355,416,174,63.7,42.3,A
1356,458,67,92.0,59.7,B+
1357,289,112,67.9,32.2,B+
1358,350,197,20.0,13.6,F
1359,103,78,30.5,29.7,D
1360,280,47,37.6,87.6,D+
1361,50,36,52.7,69.4,F
1362,479,176,71.3,46.8,D+
1363,239,108,96.1,46.1,F
1364,14,197,42.1,75.6,C+
1365,403,63,58.0,37.3,F
1366,461,145,87.8,5.4,D+
1367,65,104,67.0,46.3,F
1368,236,14,8.5,27.0,A
1369,171,153,9.7,29.1,D
1370,354,85,86.4,12.1,F
1371,379,184,5.3,20.5,B+
1372,288,190,96.7,13.6,B+
1373,155,161,31.1,98.9,A+
1374,413,125,62.4,20.1,A
1375,1,40,60.4,12.1,A
1376,127,53,10.4,2.5,F
1377,228,101,5.6,12.2,D+
1378,248,48,82.0,84.2,F
1379,134,157,68.1,85.9,A
1380,222,38,63.6,18.5,B
1381,88,131,74.2,54.7,D
1382,246,75,28.9,10.0,D
1383,189,171,27.5,38.6,A
1384,238,107,81.3,14.8,C+
1385,235,31,56.4,1.1,C+
1386,18,166,65.0,65.7,D
1387,22,91,96.3,46.8,D
1388,142,3,98.2,35.8,F
1389,108,90,90.3,52.5,F
1390,33,45,65.6,35.2,C
1391,236,184,85.9,14.0,C+
1392,473,101,6.8,83.9,D
1393,193,121,60.6,18.0,F
1394,398,169,52.5,12.9,C
1395,302,149,34.8,61.7,D+
1396,35,12,3.0,73.3,B
1397,50,171,10.6,93.4,D
1398,166,195,23.2,77.2,B
1399,54,45,72.8,38.4,D+
1400,473,17,6.2,25.0,A+
1401,434,192,7.3,76.3,A+
1402,473,45,32.1,69.9,D+
1403,69,164,57.4,20.0,C+
1404,252,113,67.9,22.5,B+
1405,223,136,80.9,19.2,A+
1406,323,172,9.6,3.3,B+
1407,458,2,36.0,40.8,F
1408,443,19,34.1,68.2,F
1409,255,49,83.2,57.0,D
1410,257,91,35.6,90.0,B+
1411,411,18,43.9,62.5,A
1412,292,21,12.7,51.7,A
1413,61,128,23.1,60.1,C
1414,12,58,82.1,29.0,C+
1415,200,181,35.8,87.2,B+
1416,496,74,7.5,57.5,F
1417,478,157,50.0,39.9,A+
1418,280,179,89.2,58.3,C+
1419,335,8,3.2,42.1,B
1420,172,196,5.9,20.4,C
1421,474,194,66.3,87.8,B
1422,253,19,80.6,56.4,A+
1423,178,19,95.0,59.8,A
1424,455,142,47.9,12.9,A+
1425,54,10,49.7,22.5,C
1426,221,123,30.3,85.0,B
1427,11,15,2.6,78.2,B
1428,274,156,86.0,68.2,A+
1429,283,124,5.2,76.6,B+
1430,221,180,42.7,13.8,D
1431,61,158,98.3,36.8,B
1432,176,112,91.8,23.8,A
1433,302,3,22.7,74.7,F
1434,291,12,99.1,1.5,B
1435,417,15,7.7,12.7,B+
1436,145,12,31.4,60.2,B
1437,150,34,60.6,47.9,A
1438,337,20,7.6,93.8,B
1439,254,181,73.5,35.7,B
1440,228,183,30.3,36.7,F
1441,150,168,24.4,89.3,C
1442,358,139,50.3,5.4,D+
1443,362,160,48.6,7.8,B+
1444,431,134,23.1,74.2,B
1445,63,96,72.5,78.8,A+
1446,121,179,44.0,76.4,A
1447,11,128,83.6,27.0,D+
1448,154,22,6.0,85.5,D+
1449,254,5,86.3,38.5,A+
1450,115,53,37.9,66.0,F
1451,27,170,30.5,54.2,C
1452,480,7,91.0,75.4,C
1453,473,68,81.0,59.1,A+
1454,175,186,82.9,43.4,D+
1455,401,187,92.9,75.2,A
1456,284,100,95.2,93.2,C+
1457,440,137,46.4,57.3,F
1458,134,42,96.0,46.7,B
1459,68,4,28.1,68.3,C+
1460,44,64,77.1,29.6,D+
1461,20,158,27.4,26.9,C+
1462,401,168,81.0,60.8,A
1463,158,146,66.1,83.6,B+
1464,228,119,1.7,0.9,A+
1465,495,92,48.0,84.4,B
1466,210,15,58.0,8.0,F
1467,161,17,44.0,25.8,C+
1468,133,127,12.7,63.0,B+
1469,447,159,65.6,23.3,A+
1470,95,176,50.7,44.0,C
1471,22,142,71.7,6.1,C+
1472,500,66,1.6,84.5,C
1473,277,184,4.5,23.5,A
1474,40,130,44.4,51.1,B
1475,105,84,57.0,82.9,D+
1476,37,165,42.6,28.3,A+
1477,168,156,78.8,33.5,D+
1478,460,167,37.5,94.2,C+
1479,319,8,16.0,4.5,B+
1480,467,152,2.6,60.9,C
1481,262,184,78.1,50.8,C
1482,482,56,37.9,58.3,B+
1483,196,196,99.8,7.8,A
1484,491,58,56.5,99.8,F
1485,376,108,53.9,12.1,F
1486,409,14,60.7,65.9,F
1487,226,82,26.9,83.6,C+
1488,467,63,32.9,79.9,C
1489,119,117,31.5,97.2,B
1490,228,188,95.8,41.0,A
1491,181,144,50.6,91.5,D
1492,310,59,44.9,41.9,B+
1493,126,199,90.9,67.4,B+
1494,311,67,79.6,34.2,A
1495,42,105,42.1,98.3,D
1496,324,198,19.8,18.0,D
1497,8,43,12.1,26.3,F
1498,365,121,74.3,12.6,A+
1499,427,111,2.4,16.7,A
1500,68,132,86.7,91.9,D+
1501,182,33,40.2,55.7,C+
1502,61,87,89.7,89.8,A
1503,370,12,7.4,92.1,D
1504,467,105,63.1,74.1,D+
1505,149,194,47.7,13.5,B+
1506,371,197,59.0,82.0,F
1507,43,39,89.6,59.4,C
1508,346,167,45.4,32.0,B+
1509,261,185,58.8,94.5,A
1510,119,77,49.3,4.8,F
1511,460,135,58.0,84.4,D+
1512,147,83,38.4,75.7,B+
1513,22,189,88.2,73.1,D+
1514,266,72,57.5,61.5,A
1515,178,73,16.6,28.8,D
1516,225,58,88.5,28.8,C+
1517,311,193,10.6,23.2,C+
1518,73,25,20.7,83.9,B+
1519,15,154,90.3,96.0,F
1520,276,50,0.7,83.3,A+
1521,190,53,28.2,94.8,D+
1522,375,114,52.1,83.1,C+
1523,471,29,71.6,91.9,A
1524,228,111,49.3,8.7,B+
1525,143,188,66.9,96.8,A
1526,382,57,72.7,32.7,F
1527,172,71,45.3,73.6,A
1528,362,177,31.5,92.5,D+
1529,52,181,79.4,31.8,F
1530,339,161,3.6,63.4,A+
1531,126,36,58.6,87.2,B
1532,345,51,26.5,15.1,B+
1533,376,128,28.3,19.9,A
1534,487,133,85.7,74.9,A+
1535,223,18,49.1,61.1,B+
1536,20,108,68.8,61.3,B
1537,327,90,48.4,65.7,B+
1538,450,77,84.1,87.5,D
1539,251,162,39.2,35.7,D
1540,152,25,21.9,96.3,C+
1541,215,115,32.5,66.2,A
1542,91,119,95.6,66.1,C
1543,357,102,70.5,77.4,D
1544,431,126,60.1,68.7,A+
1545,149,69,50.7,89.0,D+
1546,32,144,77.2,26.2,C
1547,211,101,80.9,42.5,C+
1548,468,14,26.8,72.8,C
1549,326,12,30.9,41.0,B+
1550,275,53,78.0,11.0,C
1551,67,155,54.0,95.0,A+
1552,411,98,9.0,70.5,C
1553,393,197,55.3,65.5,F
1554,108,93,53.5,98.5,F
1555,203,184,22.9,80.1,C
1556,170,106,21.6,73.3,A+
1557,19,6,75.5,52.7,F
1558,204,125,4.2,28.3,A+
1559,118,162,77.2,24.7,C+
1560,384,32,81.3,37.8,D+
1561,68,190,87.7,86.2,A
1562,38,130,72.2,76.2,D+
1563,11,4,74.3,54.2,B+
1564,49,189,58.8,39.1,C+
1565,402,83,42.5,74.3,C+
1566,141,118,20.3,26.4,D
1567,193,75,43.0,22.2,D+
1568,288,72,48.3,90.8,F
1569,260,63,38.2,99.3,D+
1570,488,96,76.3,71.5,D
1571,115,148,97.5,39.7,B
1572,229,95,47.7,10.9,C+
1573,171,37,81.0,97.6,A
1574,288,44,20.8,94.2,B
1575,43,37,40.3,83.8,F
1576,371,146,76.1,5.9,D
1577,130,106,31.1,33.8,B+
1578,19,83,68.9,59.9,A+
1579,138,177,20.9,56.2,D
1580,280,128,31.3,65.2,C
1581,237,182,48.3,55.5,A
1582,472,27,42.6,7.8,B+
1583,388,4,16.2,74.8,B+
1584,102,113,87.0,11.4,D+
1585,254,44,62.6,52.5,B+
1586,384,141,41.8,0.9,A
1587,223,76,72.0,88.0,C+
1588,268,83,61.5,37.2,B+
1589,73,75,52.3,20.4,C
1590,266,155,25.1,46.3,C
1591,475,192,72.0,85.2,B+
1592,85,135,71.5,47.4,C
1593,214,46,15.0,6.7,A+
1594,160,180,18.8,69.4,F
1595,235,85,9.5,62.5,B+
1596,35,90,63.6,88.3,C
1597,322,4,92.8,27.5,D+
1598,300,187,30.6,62.5,D+
1599,479,66,56.1,64.2,B
1600,40,152,15.2,73.1,C+
1601,92,68,56.4,12.7,F
1602,301,166,76.6,33.0,C+
1603,495,189,87.1,66.8,D
1604,108,44,0.3,23.2,B
1605,47,158,14.6,16.5,A+
1606,166,20,89.6,5.2,F
1607,414,113,42.5,47.2,C+
1608,257,195,11.7,56.0,D+
1609,397,99,70.6,35.5,F
1610,163,136,7.8,60.5,B
1611,490,43,94.5,83.4,B+
1612,431,112,56.0,49.0,C+
1613,351,31,55.8,43.5,C
1614,92,7,86.6,85.5,C
1615,373,109,21.4,56.0,B
1616,196,96,17.9,74.8,A+
1617,101,114,36.1,19.5,C+
1618,169,25,91.1,91.6,F
1619,472,4,60.7,3.4,C+
1620,329,123,39.8,99.6,C+
1621,30,147,82.3,86.3,D
1622,312,162,45.4,17.4,F
1623,414,27,3.8,2.9,B+
1624,362,189,17.7,85.1,A
1625,215,31,5.6,63.7,A+
1626,161,25,85.8,27.7,B
1627,336,158,73.7,33.3,C
1628,460,182,16.9,98.6,C
1629,265,4,94.1,40.3,A+
1630,34,50,82.5,50.2,C+
1631,43,45,44.3,27.6,B
1632,353,130,40.9,63.5,A+
1633,160,71,56.1,11.8,D
1634,291,179,8.6,93.0,A
1635,60,24,18.3,8.6,C
1636,303,161,96.6,76.7,A+
1637,112,164,37.5,8.1,B
1638,158,175,64.2,90.1,B
1639,383,194,73.8,31.0,D+
1640,362,74,17.8,14.0,C
1641,212,58,83.5,27.3,B
1642,91,76,25.9,44.0,A
1643,251,91,57.9,34.9,F
1644,231,162,68.7,17.0,D+
1645,80,138,56.9,99.4,D+
1646,178,166,81.1,79.6,B
1647,176,180,96.8,55.2,C+
1648,47,132,77.3,25.8,D
1649,134,9,92.2,51.7,B+
1650,244,36,46.7,32.3,D+
1651,338,151,90.1,32.2,A
1652,323,92,86.9,0.8,D+
1653,244,86,33.7,90.3,B+
1654,468,92,30.6,46.7,B+
1655,386,6,43.9,61.7,D+
1656,375,103,47.4,24.4,C
1657,308,87,48.3,40.1,A+
1658,498,60,76.3,90.1,F
1659,56,108,42.6,26.9,D+
1660,304,8,16.4,16.6,C+
1661,454,153,96.5,94.3,B
1662,488,146,75.2,13.0,C
1663,404,14,97.0,30.9,B+
1664,411,89,45.9,16.5,A+
1665,338,38,20.0,17.2,C+
1666,42,48,23.6,20.3,A
1667,371,63,15.4,55.5,C
1668,3,123,15.9,10.0,F
1669,352,101,69.9,91.3,D+
1670,426,119,70.6,76.3,A
1671,199,33,31.8,93.5,D+
1672,396,84,89.8,82.0,D+
1673,306,101,53.4,34.7,A+
1674,92,197,23.5,36.2,F
1675,422,1,61.1,75.2,A
1676,331,59,13.8,18.8,B
1677,155,112,9.3,38.4,B+
1678,218,39,28.5,38.7,D
1679,18,67,95.9,42.2,B+
1680,204,175,51.7,10.6,A
1681,178,176,73.3,65.6,D+
1682,412,4,16.1,12.9,F
1683,197,176,45.5,48.6,D+
1684,217,198,5.5,42.5,A
1685,310,116,50.2,78.1,C
1686,433,137,97.2,11.2,B+
1687,218,137,76.0,87.0,A
1688,77,2,33.7,93.4,C+
1689,102,132,81.3,72.8,D
1690,223,13,46.5,4.0,D
1691,236,94,5.0,59.9,C
1692,130,109,33.7,29.6,A+
1693,278,69,17.9,35.7,A+
1694,229,84,29.8,3.6,A
1695,183,188,3.7,73.9,B
1696,90,22,53.5,12.6,B+
1697,325,127,43.1,27.5,D
1698,353,159,24.4,82.6,F
1699,292,118,4.1,32.7,A+
1700,76,156,97.7,63.8,A
1701,196,132,98.0,7.9,C+
1702,217,103,2.2,95.0,C+
1703,370,168,74.3,7.9,D+
1704,495,30,79.4,57.1,C+
1705,316,132,53.9,79.4,A+
1706,192,147,47.3,76.1,D+
1707,141,192,68.9,18.6,F
1708,344,12,60.5,91.0,C+
1709,140,2,40.7,1.9,D+
1710,337,34,27.5,46.2,C
1711,50,57,22.5,70.9,B
1712,33,157,28.8,71.2,D
1713,302,108,63.5,32.9,D+
1714,244,143,1.3,34.1,C
1715,422,114,15.2,85.4,D
1716,108,137,69.8,67.3,C+
1717,207,9,66.1,57.1,A
1718,324,125,56.1,34.5,B
1719,383,136,36.9,29.2,C
1720,232,173,46.7,15.6,B+
1721,320,91,56.5,41.5,A+
1722,385,73,55.6,49.1,B
1723,193,138,13.2,60.7,A
1724,50,102,21.8,99.2,C+
1725,92,41,76.7,98.4,D+
1726,282,105,35.2,21.8,C+
1727,186,162,10.6,88.5,C
1728,258,138,53.3,22.5,D+
1729,254,194,46.4,82.6,D
1730,81,46,40.0,0.3,C
1731,391,119,65.6,68.3,A
1732,197,149,65.3,97.4,D+
1733,97,163,2.9,22.4,F
1734,42,154,57.1,40.9,A+
1735,167,157,25.0,56.9,D
1736,351,24,95.2,2.3,D+
1737,283,131,86.3,85.0,B+
1738,235,95,72.3,23.9,D
1739,480,183,92.1,32.3,C+
1740,34,8,20.7,46.1,B
1741,351,155,44.4,24.2,B+
1742,499,119,50.0,11.1,C
1743,447,41,24.5,72.2,A
1744,4,192,3.2,67.7,F
1745,241,99,7.0,41.7,C+
1746,453,184,53.7,71.6,F
1747,366,7,43.9,82.8,A+
1748,150,102,82.8,72.5,A+
1749,187,103,71.7,51.2,D
1750,220,32,10.4,84.7,A
1751,370,44,36.6,65.7,B+
1752,468,63,79.6,21.0,A
1753,169,165,69.4,45.8,D
1754,386,63,75.7,34.2,D
1755,170,116,70.0,56.8,A+
1756,390,36,14.8,28.8,B
1757,451,95,56.4,71.4,C+
1758,484,184,15.8,63.4,D
1759,366,113,67.3,15.4,B+
1760,150,99,25.7,22.8,B
1761,299,78,14.8,1.2,C
1762,370,131,74.5,99.6,D+
1763,245,159,90.0,97.2,B+
1764,301,129,31.4,37.4,D
1765,332,44,87.1,48.2,D
1766,460,98,1.4,94.7,C
1767,116,80,20.6,15.0,A
1768,333,51,35.7,45.9,A+
1769,431,192,84.6,78.3,F
1770,460,59,74.1,36.4,A+
1771,205,161,9.9,33.0,A
1772,139,142,96.2,84.7,F
1773,447,21,97.0,5.6,F
1774,132,190,18.3,93.6,B
1775,117,177,71.7,17.7,C+
1776,283,72,9.1,19.0,A
1777,464,34,52.3,6.1,B
1778,125,150,76.2,47.7,A
1779,275,14,31.9,63.4,B
1780,245,30,44.2,47.6,A
1781,278,151,21.5,48.7,A+
1782,298,111,86.1,11.2,D
1783,399,165,19.5,80.6,D
1784,1,65,75.5,60.1,D
1785,324,46,32.9,48.3,C+
1786,488,166,30.0,86.7,B
1787,175,71,67.8,50.3,D
1788,58,194,94.6,48.8,C
1789,458,131,47.1,16.3,A
1790,390,111,67.3,9.5,D
1791,176,164,68.7,82.3,B
1792,399,28,76.3,21.3,F
1793,157,82,76.6,47.2,C+
1794,475,157,21.0,67.2,C
1795,81,50,76.6,78.6,B+
1796,313,170,15.7,95.7,D
1797,335,153,78.9,78.0,C+
1798,118,68,47.2,85.6,C+
1799,190,38,30.6,72.7,C
1800,231,79,42.5,39.4,D+
1801,3,196,94.0,5.5,D+
1802,182,166,80.5,97.5,C+
1803,10,181,20.2,66.2,C+
1804,151,96,2.4,42.7,D+
1805,167,143,56.0,19.9,B
1806,317,129,44.0,27.4,A
1807,125,42,32.5,48.0,D
1808,488,12,78.1,39.0,D
1809,128,72,98.7,58.6,A+
1810,52,15,64.0,27.6,C
1811,225,73,11.1,13.4,A
1812,167,199,73.2,82.4,B+
1813,302,77,57.4,56.2,D
1814,126,84,57.3,76.3,C+
1815,286,136,81.7,69.0,B+
1816,396,198,6.8,78.6,C
1817,491,93,90.5,44.6,B
1818,95,83,46.8,46.1,C
1819,102,174,97.1,25.9,A+
1820,72,31,64.2,42.7,D
1821,409,13,83.2,6.0,F
1822,192,5,56.6,99.6,F
1823,448,84,79.0,49.2,C
1824,325,18,73.4,56.5,F
1825,400,29,53.2,79.9,A
1826,294,120,61.0,99.3,A
1827,393,176,43.1,27.7,D
1828,456,190,15.2,33.0,B+
1829,332,148,34.0,52.8,D+
1830,456,6,40.1,29.4,D+
1831,10,3,22.5,42.7,C+
1832,439,58,58.4,76.8,F
1833,235,168,66.5,77.0,C
1834,458,184,86.7,15.3,B+
1835,106,79,18.2,2.6,A+
1836,400,33,54.0,95.5,C
1837,446,81,92.8,65.8,B
1838,156,42,42.4,27.1,B
1839,396,91,2.7,87.8,D
1840,64,97,2.5,86.8,B
1841,195,13,44.7,39.9,B
1842,395,98,59.0,12.5,B+
1843,260,149,72.5,12.2,B
1844,62,126,74.1,35.8,C
1845,213,49,21.0,9.1,F
1846,185,123,25.5,11.2,D
1847,9,2,38.0,42.0,A
1848,182,93,94.6,83.7,D+
1849,485,167,30.1,100.0,A
1850,334,165,81.0,87.6,A+
1851,488,71,73.0,89.7,A+
1852,73,64,17.7,0.9,F
1853,80,36,69.5,76.2,A+
1854,306,54,86.6,66.1,C
1855,317,107,82.3,41.9,B+
1856,480,133,96.5,74.2,B+
1857,187,29,78.7,3.0,B
1858,157,104,62.5,90.9,C+
1859,319,83,2.8,2.6,A+
1860,456,121,3.4,87.2,D+
1861,24,139,37.7,59.9,F
1862,87,41,10.0,34.9,B
1863,48,108,98.8,11.2,D
1864,439,138,44.0,85.7,A+
1865,160,122,46.9,90.3,B+
1866,166,169,54.0,95.7,A
1867,245,127,74.9,85.2,B
1868,65,57,51.5,80.5,B+
1869,116,169,8.2,9.5,D+
1870,145,158,10.5,22.6,B+
1871,374,169,30.1,71.0,D
1872,343,152,52.0,57.7,C+
1873,390,34,32.8,37.5,B+
1874,297,189,93.5,3.4,D+
1875,324,13,79.4,98.0,A+
1876,74,163,3.4,79.5,B+
1877,204,83,1.2,48.1,C
1878,97,161,87.0,97.1,D+
1879,232,55,45.3,26.3,D
1880,61,191,27.9,76.9,C
1881,173,48,25.5,80.7,D
1882,396,141,45.6,9.7,C
1883,391,133,26.3,78.2,D+
1884,329,7,96.5,12.6,B
1885,500,118,83.0,12.0,C+
1886,65,89,30.7,43.6,A
1887,495,130,18.3,82.0,F
1888,100,37,84.0,22.2,A+
1889,102,188,74.5,52.6,B+
1890,289,136,52.5,80.0,C
1891,277,59,69.4,99.7,B+
1892,192,41,10.0,16.6,B
1893,367,39,54.1,95.5,D+
1894,440,52,27.8,95.9,D+
1895,152,100,90.1,97.2,D
1896,240,83,13.6,93.8,A+
1897,39,65,70.8,66.8,B
1898,473,188,61.3,95.9,A+
1899,387,106,14.0,48.1,B+
1900,392,63,39.1,15.9,D+
1901,201,152,19.3,83.4,A
1902,116,71,14.0,40.1,B+
1903,106,114,14.2,27.5,C
1904,61,134,31.1,10.3,D
1905,119,170,43.8,82.2,F
1906,381,157,45.4,7.0,C
1907,449,70,94.9,4.1,C+
1908,58,161,46.7,58.5,D
1909,389,75,22.5,10.3,C
1910,124,171,49.5,70.2,D+
1911,216,15,63.8,86.5,C+
1912,432,186,73.2,90.5,F
1913,169,108,66.7,25.1,C
1914,43,4,10.1,80.6,B
1915,300,127,22.1,43.4,C+
1916,54,200,82.6,48.8,D+
1917,311,133,87.0,66.8,A+
1918,309,28,59.0,79.4,A
1919,295,25,11.7,76.4,C
1920,298,173,70.9,60.4,D+
1921,368,191,4.0,64.7,D
1922,437,118,57.3,52.3,D+
1923,417,161,74.4,43.2,A+
1924,111,146,18.1,63.1,C
1925,51,75,92.1,80.2,D
1926,435,65,35.9,68.3,C
1927,499,64,27.7,78.4,C
1928,235,179,99.1,26.3,B+
1929,108,143,77.1,54.7,C
1930,380,103,75.3,78.1,B+
1931,433,128,85.7,33.4,F
1932,379,59,31.7,30.6,A
1933,328,104,31.3,49.7,B+
1934,388,98,20.2,85.6,D
1935,180,87,80.6,89.6,B+
1936,492,44,32.3,11.1,C+
1937,466,130,70.0,56.0,F
1938,276,46,39.8,69.6,B
1939,48,24,71.2,91.5,D+
1940,437,68,14.6,34.0,C
1941,204,35,92.1,10.4,C+
1942,315,146,97.1,32.4,B
1943,227,11,24.6,15.5,C+
1944,14,127,22.4,69.5,B
1945,126,58,44.0,81.2,B+
1946,7,76,24.4,2.1,D
1947,430,113,41.5,55.1,B
1948,212,48,84.8,58.1,D+
1949,383,67,70.7,98.2,C+
1950,221,95,36.5,92.6,B
1951,164,139,35.7,95.8,B+
1952,165,180,24.7,53.8,B+
1953,50,130,70.8,53.5,A
1954,414,155,22.8,34.8,F
1955,421,58,46.5,57.4,A+
1956,236,159,43.8,59.1,A
1957,489,44,2.2,44.8,A+
1958,459,89,47.7,70.6,A
1959,350,91,6.5,71.9,C+
1960,486,187,2.8,59.8,D+
1961,361,196,94.3,98.6,B
1962,339,116,31.0,69.7,C+
1963,170,60,57.0,87.6,D+
1964,277,175,58.7,86.3,A+
1965,365,194,35.8,12.0,A
1966,315,17,53.0,73.0,B
1967,128,154,77.4,99.0,B+
1968,16,167,92.9,72.9,C
1969,46,25,94.6,57.4,D+
1970,413,105,38.1,47.4,C
1971,94,25,31.1,17.7,D+
1972,451,65,50.0,18.5,D+
1973,103,59,35.1,64.7,A
1974,174,116,75.2,52.4,A+
1975,451,156,6.1,55.7,C
1976,49,44,0.2,98.5,A+
1977,3,84,38.5,2.8,C
1978,440,18,95.6,18.8,D
1979,94,138,21.8,34.5,B+
1980,308,96,57.4,89.1,B+
1981,260,39,81.4,44.5,A+
1982,479,138,88.8,79.4,A
1983,414,80,93.5,10.8,B+
1984,303,133,16.7,10.0,B
1985,309,40,99.7,92.0,D
1986,476,169,54.8,38.9,D
1987,484,30,66.9,6.5,B
1988,188,37,23.9,81.8,B
1989,407,104,4.2,5.9,D
1990,416,169,70.8,83.9,A
1991,435,134,9.1,65.5,F
1992,289,148,70.2,52.2,F
1993,330,52,28.3,13.5,B
1994,150,161,42.6,43.5,A
1995,252,7,49.1,32.2,D
1996,313,100,30.6,99.2,C+
1997,395,176,69.9,52.8,A+
1998,97,23,30.7,58.7,F
1999,89,165,31.4,4.8,A+
2000,25,78,38.5,35.2,F
